name,artist,uri,key,mode,acousticness,danceability,energy,liveness,loudness,tempo,valence,popularity
Fireworks (I'm The One),ATEEZ,spotify:track:0rNLaGUleZ91DXMxmZNq5v,0,1,0.0419,0.724,0.904,0.163,-3.815,130.036,0.728,76
Dynamite,BTS,spotify:track:0v1x6rN6JHRapa03JElljE,6,0,0.0112,0.746,0.765,0.0936,-4.41,114.044,0.737,20
LOVE% (feat. DAWN),DEMIAN,spotify:track:2bR7KFQESL278uZAc1vb4U,1,1,0.0362,0.758,0.759,0.101,-4.669,104.703,0.808,61
PARANOIA,KANG DANIEL,spotify:track:1Q6lzzQHM5dvtTCwcfeKDy,0,0,0.0513,0.633,0.735,0.259,-3.042,97.03,0.558,70
INCEPTION,ATEEZ,spotify:track:7zC6xvBPnIC92K06pMpstY,4,0,0.108,0.607,0.886,0.31,-3.77,149.941,0.616,68
Runner (feat. CHANGMO),T1,spotify:track:5QwLHJDelqEuMEEOT4oLy9,1,0,0.0276,0.588,0.786,0.0855,-6.083,150.025,0.465,53
YOU,CHECKMATE,spotify:track:5Y4qbT24GVxebKurZcgaQ0,1,0,0.103,0.566,0.81,0.0934,-2.888,159.853,0.429,44
Life Goes On,BTS,spotify:track:249gnXrbfmV8NG6jTEMSwD,1,1,0.00691,0.566,0.716,0.37,-5.733,81.068,0.45,89
The Leaders,ATEEZ,spotify:track:52Sj1SUJ6FNceKLZVggVak,0,0,0.0265,0.765,0.929,0.0523,-4.566,144.03,0.672,64
Waves (feat. Simon Dominic & Jamie),KANG DANIEL,spotify:track:6fXesHsuCFf80vYzDP26J5,2,1,0.0854,0.832,0.829,0.105,-3.461,107.012,0.555,56
Savage Love (Laxed – Siren Beat) [BTS Remix],Jawsh 685,spotify:track:4TgxFMOn5yoESW6zCidCXL,0,0,0.16,0.758,0.598,0.295,-5.695,149.836,0.658,81
蹦,LAY,spotify:track:3hMloFxH6H01hhr1K6XlDc,7,1,0.0305,0.833,0.682,0.0815,-4.066,94.028,0.65,44
YES,DEMIAN,spotify:track:34Lx0rSnk1mCMkbJHMQAJG,11,1,0.634,0.414,0.521,0.322,-8.067,109.65,0.228,47
DI SINI,MassMusic,spotify:track:08hG3wYYh22WVv7YqnsXkT,5,1,0.422,0.616,0.653,0.0952,-5.432,145.046,0.311,28
Time Of Love,ATEEZ,spotify:track:7CXXE0TJeCjsVIKnnATvmJ,7,1,0.0122,0.646,0.851,0.0629,-4.93,168.016,0.672,61
EXIT,T1419,spotify:track:5pTMVpOuFCM1GYjI2Lm2r3,1,0,0.0902,0.676,0.878,0.0724,-2.628,174.001,0.453,46
What You Waiting For,SOMI,spotify:track:4CoxD8tetisleUQDA7vn1B,8,1,0.0164,0.765,0.688,0.112,-5.072,121.901,0.794,67
Don't follow me,Untell,spotify:track:64Q3cFtUxPzamXkk96VJmi,5,0,0.0023,0.6,0.716,0.271,-4.01,120.117,0.2,22
HOLO,LeeHi,spotify:track:7Acvy2L38SCipAeMPOK8Ro,6,1,0.768,0.406,0.474,0.106,-6.349,179.914,0.206,65
Take Me Home - English Version,ATEEZ,spotify:track:3kHTeY85lTphKnBVXdX1Tz,5,0,0.033,0.632,0.893,0.441,-3.626,98.0,0.315,61
Goblin (Favorite Boys),A.C.E,spotify:track:0QTx81gggSfDhmmdjpCfrT,11,0,0.0162,0.351,0.881,0.43,-3.66,202.248,0.665,56
How You Like That,BLACKPINK,spotify:track:4SFknyjLcyTLJFPKD2m96o,11,1,0.0465,0.812,0.761,0.0601,-5.222,130.032,0.344,82
DRUM (New),CHECKMATE,spotify:track:6H9mAAtNqdTyTe29Cx6sGC,0,0,0.0028,0.689,0.94,0.373,-2.057,115.034,0.849,29
Celebrate,ATEEZ,spotify:track:1ptZH0pgnIjSG2mUYvMUjB,0,1,0.172,0.67,0.883,0.352,-4.19,80.012,0.887,60
Boy With Luv (feat. Halsey),BTS,spotify:track:5KawlOMHjWeUjQtnuRs22c,11,0,0.0923,0.645,0.862,0.192,-4.757,119.991,0.798,84
Answer,ATEEZ,spotify:track:3IdPtyJHB1WVPM4eCiCAKM,7,1,0.0746,0.565,0.903,0.359,-1.918,97.967,0.538,69
LOST IN PARADISE,ALI,spotify:track:7kRKlFCFLAUwt43HWtauhX,6,0,0.0961,0.648,0.904,0.0629,-4.565,121.994,0.728,78
Take Me Home,ATEEZ,spotify:track:0Fj5sQ4V4fYGVOxkoNUxz1,0,0,0.0349,0.636,0.893,0.458,-3.343,98.026,0.413,64
Ready Or Not,MOMOLAND,spotify:track:0Sp0RwhaE0CdJE8ctmXk4U,11,1,0.00954,0.725,0.901,0.28,-1.8,125.022,0.558,57
God’s Menu,Stray Kids,spotify:track:0RzT9tBLcQhofW2TNiHP9B,5,1,0.00776,0.689,0.771,0.521,-3.618,157.052,0.482,77
WANNABE,ITZY,spotify:track:6tCssnvTUREcperDOUTqvA,6,0,0.00795,0.809,0.911,0.181,-4.41,122.035,0.64,78
Fly To My Room,BTS,spotify:track:3QH8rQGNFX8VLbCgZ7uPTS,11,1,0.0484,0.764,0.526,0.0718,-7.355,114.91,0.588,80
FANTASIA,Monsta X,spotify:track:59lh6XYTsfhoXXTNU8TUrz,9,1,0.0221,0.738,0.952,0.231,-1.95,125.963,0.544,63
STALKER,3YE,spotify:track:4WCg4g0lMTZxyFC19W0DHF,1,0,0.0321,0.77,0.919,0.601,-2.298,119.97,0.799,51
I'm The One - HEAT-TOPPING Version,ATEEZ,spotify:track:4h8DDTLayF06jMWIPJlBb3,10,1,0.0761,0.719,0.674,0.0883,-6.045,142.036,0.664,59
"Facetime, Face me",msftz,spotify:track:5sfllcrldlTgHpCzCVyHtc,6,1,0.867,0.358,0.186,0.119,-9.07,140.668,0.252,35
A few miles (feat. Jiselle),Kim Seungmin,spotify:track:6pmBIOPzsLunrjEPGlyHoP,6,0,0.0686,0.708,0.514,0.106,-5.302,100.025,0.513,34
Make you happy,NiziU,spotify:track:4FrxgrNbNrdfq8093JaEJf,7,1,0.0436,0.78,0.885,0.105,-3.745,160.087,0.808,52
Monster,Red Velvet - IRENE & SEULGI,spotify:track:6c1QaQHdDhtFMfUkhueuXK,4,0,0.212,0.631,0.748,0.537,-2.569,115.665,0.351,73
Lil Time (feat. AUDREY NUNA),Haeil,spotify:track:3aOGlatJNFnKCkxc7ZCoLQ,11,1,0.331,0.663,0.592,0.496,-8.112,71.999,0.504,42
Endless Summer,CIKI,spotify:track:7zYbBJmAgeaBoG9zMOml7j,7,1,0.0163,0.811,0.536,0.109,-8.839,117.981,0.478,44
Downtown Baby,BLOO,spotify:track:3595XlbamLTV4iFYNHrqTC,4,0,0.349,0.55,0.618,0.109,-5.606,177.887,0.279,58
Pretty Savage,BLACKPINK,spotify:track:1XnpzbOGptRwfJhZgLbmSr,9,0,0.00886,0.701,0.556,0.106,-7.42,152.045,0.333,79
Bon voyage,YooA,spotify:track:4X95Ecd1elHxTccGOko02c,2,1,0.307,0.703,0.889,0.117,-3.537,119.793,0.273,57
Animal Print,홍크 Honk,spotify:track:7rPWpr55FFECcSfqB91CzW,0,0,0.443,0.517,0.413,0.106,-11.537,101.954,0.072,11
pporappippam 보라빛 밤,SUNMI,spotify:track:7oQh96s9YemWG3A4zkIbrU,1,0,0.0513,0.714,0.828,0.0347,-4.68,120.014,0.318,67
Ice Cream (with Selena Gomez),BLACKPINK,spotify:track:4JUPEh2DVSXFGExu4Uxevz,9,1,0.0317,0.79,0.701,0.0311,-4.81,159.972,0.91,76
MORE & MORE,TWICE,spotify:track:3omvXShuRPM3zbDpWYqf5g,5,1,0.0312,0.739,0.841,0.173,-4.162,106.99,0.562,74
Daechwita,Agust D,spotify:track:0H4ugk6rhnXmTl47ayy9O5,8,1,0.0229,0.65,0.827,0.121,-4.014,144.995,0.223,78
Nonstop,OH MY GIRL,spotify:track:5joNJn9LUvYcamWwa2iYCL,0,1,0.171,0.753,0.91,0.367,-2.591,123.983,0.825,68
SOLO,JENNIE,spotify:track:2wVDWtLKXunswWecARNILj,3,0,0.0861,0.751,0.642,0.0953,-5.165,95.045,0.388,74
DRUM,CHECKMATE,spotify:track:5NPDph2CghM8ik85enI6IA,0,0,0.00407,0.697,0.949,0.35,-1.865,115.014,0.869,43
Blue & Grey,BTS,spotify:track:0n2moJpAEWHwaPYYjkzMDl,8,1,0.42,0.547,0.605,0.125,-6.755,121.953,0.364,81
Sukhumvit Swimming,ONF,spotify:track:1qPSuxDxEWzLoi6WlLN7N1,0,1,0.0969,0.592,0.781,0.144,-3.434,149.996,0.919,52
Bad Alive - English Version,WayV,spotify:track:333mEOj0mFwb6QAu1MmaqL,3,0,0.0017,0.667,0.84,0.332,-3.363,142.014,0.575,0
overdose,CIKI,spotify:track:3B4Rxj4UItYuHyppE8S0gU,6,1,0.832,0.737,0.492,0.301,-10.197,90.984,0.702,51
DESSERT,HYO,spotify:track:6u0pZe0Uv7GBR0iKptfWRf,2,1,0.0586,0.713,0.927,0.373,-3.28,115.072,0.618,65
Breath;(Blood Night) - Oriental Version,G-reyish,spotify:track:3xVYOr56PkUagFjKnT6IZp,6,0,0.156,0.603,0.874,0.172,-2.04,131.794,0.34,16
DUN DUN,EVERGLOW,spotify:track:3CyCjgTHFzqucmECajq8QA,11,0,0.0457,0.692,0.881,0.146,-2.563,103.055,0.433,69
Follow,Monsta X,spotify:track:7ri0aUbwDcItOnQbywEGU5,0,1,0.0305,0.638,0.93,0.228,-2.214,109.961,0.734,60
Telepathy,BTS,spotify:track:2FVpOsjT1iquZ3SpCjZ9Ne,5,0,0.00782,0.787,0.669,0.123,-4.333,104.994,0.57,80
RED-SUN (021),GWSN,spotify:track:5ty8BBWfmoOs0URGOgqgOk,4,0,0.0331,0.751,0.872,0.496,-3.92,128.062,0.696,0
In The Summer by SSAK3 (Feat. Kwang Hee Hwang),SSAK3,spotify:track:1MELIJNsr1KyHJOJufbheK,8,1,0.0227,0.723,0.914,0.287,-4.821,105.988,0.863,40
KARMA,DEMIAN,spotify:track:3Z5Dv9KZCyoRRfQ4ddA1y5,11,0,0.023,0.78,0.801,0.0685,-4.71,110.012,0.448,47
蓮,LAY,spotify:track:1tMnwLbnmfxIg117nh0vIV,4,0,0.118,0.561,0.898,0.0482,-4.669,110.057,0.269,55
Stay Gold,BTS,spotify:track:3Ys2PYl1wyPKQIwyqhP9cQ,1,1,0.0892,0.723,0.634,0.0787,-5.415,129.017,0.582,78
2U,KANG DANIEL,spotify:track:00S4PrcWUb3f3dQ9PuC0uy,2,1,0.0353,0.717,0.742,0.102,-3.359,96.069,0.564,54
Stand by you,A.C.E,spotify:track:1FXMaHibQ7Nz8JV4babzfF,1,1,0.055,0.469,0.636,0.0756,-4.927,169.9,0.315,46
When I smoke,BLOO,spotify:track:4j99KDGdPwCYjLeIyTmp6T,7,0,0.279,0.719,0.852,0.111,-5.157,139.998,0.432,46
PLAY,CHUNG HA,spotify:track:1SdLedoEjrMRu5AnvK2EYk,3,0,0.17,0.637,0.94,0.152,-0.792,103.934,0.884,50
One Day At A Time,ATEEZ,spotify:track:1eFk8R4OobU7kaAZdfYBKz,1,1,0.197,0.723,0.681,0.109,-4.082,101.015,0.382,57
Kill This Love,BLACKPINK,spotify:track:18PergoIrGmRyeYxnaXJN2,2,1,0.318,0.738,0.861,0.325,-4.141,131.98,0.58,56
OHIO,Crush,spotify:track:3fxIgoqvwprUbhV1XEHrG5,4,0,0.414,0.791,0.871,0.0742,-3.536,94.941,0.687,49
Dolphin,OH MY GIRL,spotify:track:3NfgdU9mbIVhcJF3XvC0c9,4,1,0.171,0.858,0.68,0.173,-4.531,113.993,0.621,68
Like This Summer,3YE,spotify:track:3LajoYXuSQ9ecsCr4TOD9t,7,0,0.0883,0.693,0.93,0.297,-1.725,126.926,0.762,24
Maria,Hwa Sa,spotify:track:0ZeGfEAL5Rl4pd5LZBGuEK,9,0,0.238,0.658,0.749,0.272,-2.967,128.909,0.442,77
沸,LAY,spotify:track:7IyNMaeMe1rt9DqiXbcSUf,7,1,0.567,0.915,0.566,0.104,-4.463,126.025,0.344,44
People,Agust D,spotify:track:0SJ7vFES0Lj6pnumh3DhCe,1,1,0.0616,0.76,0.682,0.118,-6.441,120.008,0.372,71
ECHO,KATIE,spotify:track:6OSFO9R4wCNxksLMSzNEQx,3,0,0.561,0.6,0.585,0.218,-5.628,90.174,0.386,54
Make It Right (feat. Lauv),BTS,spotify:track:314ZkcV7oLWG8yWE7LABvH,7,1,0.0304,0.584,0.685,0.189,-7.811,97.551,0.345,75
bye bye i finally disappear from your life,msftz,spotify:track:7yDkk7GZ9GemJcAG0JD0G9,2,1,0.884,0.534,0.358,0.352,-7.668,128.392,0.134,30
FEVER,ATEEZ,spotify:track:2dPETee06bbHulsABk0h7I,7,1,0.135,0.646,0.86,0.131,-2.409,92.962,0.711,57
BAZOOKA!,GWSN,spotify:track:5UDDTTQ5cUrH3FYubQ34Y9,4,0,0.0288,0.739,0.746,0.21,-6.146,129.944,0.657,52
THANXX,ATEEZ,spotify:track:0YXpDiXEQlRmVSAFcub7sE,4,0,0.0395,0.604,0.961,0.242,-1.692,164.847,0.645,67
WHO DO U LOVE? (feat. French Montana),Monsta X,spotify:track:4koDrJbYxIlcDY4gu2a4I8,10,0,0.288,0.79,0.648,0.117,-5.622,101.989,0.397,56
MIDDLE OF THE NIGHT,Monsta X,spotify:track:2QqHAiFdDZKFJkr1xCV9dG,0,1,0.111,0.737,0.764,0.0423,-5.511,92.044,0.924,65
Your eyes tell,BTS,spotify:track:3TZ7NHkMT82AhwuYsd00Hz,9,0,0.279,0.449,0.491,0.0654,-6.433,139.923,0.258,77
SAVAGE,A.C.E,spotify:track:1ORdoHKOgLdfQM6oNaYAUZ,7,1,0.0132,0.59,0.903,0.112,-2.585,160.08,0.733,58
TO THE BEAT,ATEEZ,spotify:track:3c8UznwIeQjux7OWT0Wa0s,1,0,0.108,0.774,0.926,0.301,-2.973,74.979,0.864,58
DUMDi DUMDi,(G)I-DLE,spotify:track:2fJ70dRX7J4jiVxKUQQp7C,4,1,0.025,0.759,0.914,0.076,-1.072,123.047,0.674,66
WONDERLAND,ATEEZ,spotify:track:6k67RdkVjTZj79c1cRz7IQ,4,0,0.0503,0.572,0.964,0.372,-1.949,129.979,0.519,69
COME BACK HOME,ONEUS,spotify:track:2GbLNlv90cp9bQgYb0rkip,6,0,0.0785,0.67,0.899,0.318,-2.757,119.971,0.411,45
Double Knot,Stray Kids,spotify:track:7vZseKiQOIuFxxfi84302k,5,0,0.0486,0.716,0.814,0.607,-2.889,146.925,0.575,60
2YA2YAO!,SUPER JUNIOR,spotify:track:7iQTGSIl9m4jofHBGby9kZ,7,1,0.0941,0.789,0.884,0.0569,-2.659,100.09,0.607,55
Good Lil Boy,ATEEZ,spotify:track:5U8pXQSdhTtQ8bp6K6vb9Y,9,0,0.151,0.602,0.924,0.369,-2.372,146.018,0.732,56
Lemonade,OH MY GIRL,spotify:track:0NOUDxzscaC0MJ8q9Fkt3z,4,0,0.187,0.742,0.906,0.319,-3.374,128.027,0.611,28
Lazy Me,Sandeul,spotify:track:7IKiYUKvU394eoRD9TYDfJ,1,0,0.664,0.718,0.378,0.0945,-7.167,75.02,0.462,39
What do you think?,Agust D,spotify:track:3i8GllbdGuwIXaVrlIoE0r,1,1,0.149,0.739,0.725,0.0793,-5.741,118.994,0.136,66
Krystal,OH MY GIRL,spotify:track:2M3B0BUhJJSroLoyIkINvz,1,1,0.15,0.637,0.802,0.0911,-2.841,100.069,0.352,35
YOU CAN'T HOLD MY HEART,Monsta X,spotify:track:6nxOW44RKSH3OBw6ZP8yuZ,0,1,0.102,0.81,0.574,0.08,-5.038,134.001,0.422,59
Left & Right,SEVENTEEN,spotify:track:66orj0qtDgnU6DlmllAxbq,6,0,0.132,0.725,0.823,0.104,-3.868,149.994,0.958,58
Secret Story of the Swan,IZ*ONE,spotify:track:3FARQP8fA49bSsTWjNyWmY,7,0,0.131,0.703,0.941,0.319,-0.995,102.969,0.758,65
Stay Tonight,CHUNG HA,spotify:track:3As0OA5B06BxLfADvYyG8L,2,0,0.203,0.625,0.831,0.0783,-2.186,121.025,0.491,48
Filter,BTS,spotify:track:5c1XGYFuC16Z7FIvWu6S0j,10,0,0.0222,0.781,0.762,0.121,-5.188,110.042,0.86,0
NOT BY THE MOON,GOT7,spotify:track:1pmfd0ohjfh1qXPWvjaC1o,5,0,0.0556,0.549,0.813,0.207,-4.828,151.813,0.544,68
FIESTA,IZ*ONE,spotify:track:71vPAjlG1x606483GTJNhY,7,1,0.062,0.758,0.927,0.343,-2.105,122.999,0.738,64
Love Me Harder,WOODZ,spotify:track:6fDFxA3j4WpfeCVihCPWSH,10,0,0.0213,0.732,0.804,0.132,-3.91,129.98,0.657,56
SUPER Clap,SUPER JUNIOR,spotify:track:3JBP6rYf7P4ortzcj2X6tC,0,1,0.0452,0.768,0.951,0.275,-4.404,140.026,0.878,46
Naughty,Red Velvet - IRENE & SEULGI,spotify:track:0P8lbWigAHXPKxUG60xh79,7,1,0.055,0.693,0.759,0.116,-2.9,112.983,0.635,65
THE ANSWER,AB6IX,spotify:track:1L1N5X35wFk8d5VlyNy2Oa,7,0,0.121,0.78,0.75,0.0736,-4.428,143.072,0.902,51
Oh my god,(G)I-DLE,spotify:track:2DmRXiyn03tOqKgEJXlaiJ,4,0,0.0358,0.794,0.762,0.191,-3.525,109.97,0.482,71
ON (Feat. Sia),BTS,spotify:track:3IB5qOeMayvpOdHxYCL5tZ,9,0,0.137,0.591,0.848,0.372,-4.397,105.922,0.386,67
"Count 1, 2",TOO,spotify:track:7xcAVSOiUW7DMKVN5PB6nr,5,0,0.0714,0.753,0.792,0.122,-5.428,119.918,0.754,41
Thunder,VERIVERY,spotify:track:49ElX137FL4cxosbsxNHR6,9,1,0.0352,0.577,0.879,0.362,-1.806,161.918,0.422,42
I'm in Trouble,NU'EST,spotify:track:30iB3Vk6T4gAUfZ0OvmwxY,8,0,0.153,0.829,0.627,0.0702,-4.533,100.047,0.733,41
Be Yourself,CHUNG HA,spotify:track:509VlYwebt36Tn80X5y4vC,4,0,0.114,0.596,0.874,0.245,-1.86,115.053,0.646,37
Girls,NATURE,spotify:track:64HHzg4ILYpcYOGS0XQzOo,5,0,0.00734,0.693,0.835,0.128,-3.283,115.05,0.637,52
My Friend,CHUNG HA,spotify:track:0vFKaaqXkeaaC2iGtKRGyt,6,1,0.469,0.854,0.618,0.12,-5.927,131.981,0.836,49
GANG - Official Remix,Sik-K,spotify:track:1s0omF56w0oAEZiWp1VNS7,11,0,0.019,0.681,0.806,0.0968,-3.983,150.062,0.557,45
Zombie,DAY6,spotify:track:4s0dJmVknlUl7V6oK3puzZ,0,1,0.0117,0.79,0.542,0.0818,-4.119,121.982,0.527,65
NINETEEN,NATTY,spotify:track:3mVzC9U8eyAmDNWnPniCIN,6,0,0.0721,0.701,0.835,0.0652,-3.788,121.062,0.456,43
Fall in Love,Youngjae,spotify:track:4lpMmdpOCEc2LJVgTFny46,2,1,0.444,0.738,0.669,0.0456,-4.307,93.998,0.69,46
All The Way Up (K),Jay Park,spotify:track:6lp2MvqEBSdL3L84GAvl4o,7,1,0.299,0.529,0.711,0.13,-5.589,114.863,0.544,49
Peek-A-Boo,Red Velvet,spotify:track:42tFTth2jcF7iSo0RBjfJF,1,0,0.0868,0.839,0.902,0.272,-3.612,114.953,0.639,69
My Eyes,10cm,spotify:track:0ndIZ2XvGtXV0PIbEAwoIv,0,1,0.439,0.892,0.443,0.0866,-6.178,107.983,0.714,48
Phonecert 폰서트,10cm,spotify:track:4X3OlLezpBmskDaqlpINQ8,9,1,0.391,0.858,0.481,0.128,-3.649,107.96,0.773,20
OGZ (PROD. GroovyRoom),JOWOOCHAN,spotify:track:08u0Rg0qkZ4y2UkDpWoL67,0,1,0.0497,0.793,0.793,0.0734,-3.067,132.04,0.31,37
iD (Prod.By GRAY),Sleepy,spotify:track:6iZbX6zfmpx40UDy6Xcbl1,3,0,0.131,0.736,0.776,0.25,-4.22,115.948,0.838,23
Gimmick,Sleepy,spotify:track:2zEgm66zLaJpDeMPKvWxRF,5,0,0.318,0.784,0.916,0.109,-3.412,121.951,0.683,13
BOSS,NCT,spotify:track:0ErzcmZ2gIwX7X0xSMQPix,10,0,0.0233,0.787,0.543,0.0861,-6.7,99.026,0.332,70
Baby Don’t Stop,NCT,spotify:track:1EYSS9Lp7a9f20C3FaOVgI,8,1,0.0214,0.827,0.739,0.043,-6.391,95.999,0.352,68
Hellevator,Stray Kids,spotify:track:7wrHzCQ5C6ieyeXOBkcWx3,7,0,0.00817,0.465,0.816,0.393,-2.33,78.457,0.295,2
Grrr 총량의 법칙,Stray Kids,spotify:track:185o8d33211rJBW5UlJVrY,1,1,0.042,0.675,0.963,0.397,-1.884,97.968,0.455,4
괜찮아 괜찮아 Fantasy,Fei,spotify:track:2aGgbYDhFvGuH0agb2koJq,3,0,0.325,0.771,0.683,0.0997,-4.96,115.014,0.567,7
THINK ABOUT YOU,Jun. K,spotify:track:4GCGwT7W2RHiD71uMwlMkO,7,1,0.453,0.702,0.512,0.151,-3.466,130.036,0.35,2
Mysterious,HELLOVENUS,spotify:track:5so48MQAzRucBE7mrL7F7V,8,1,0.108,0.614,0.819,0.099,-3.249,206.047,0.808,0
놓아 놓아 놓아 Letting Go,DAY6,spotify:track:7Jp5vVEO8VthapUJC6zhG5,5,0,0.0949,0.389,0.606,0.199,-4.923,169.969,0.206,17
놀리러 간다,SPEED,spotify:track:2cD8Jv4yjICHWXlhGa9MKn,2,1,0.0235,0.705,0.911,0.26,-3.931,124.903,0.754,41
RECIPE,WOODZ,spotify:track:6UgtZqF1ohFKyeRznjI8fP,6,0,0.3,0.674,0.924,0.0557,-3.697,140.012,0.536,33
Promise (I'll be),2PM,spotify:track:22gIYvi39amZmTIWimZvCP,1,0,0.109,0.571,0.945,0.104,-1.72,159.903,0.511,5
no shadow,Jun. K,spotify:track:6GeBQeUkpLdpbHi1dd7YHa,9,0,0.313,0.729,0.741,0.262,-2.036,119.908,0.429,0
Perfect Man,SHINHWA,spotify:track:115a4lQhDJGnu4QVSa8bUW,5,0,0.0247,0.751,0.912,0.0778,-1.822,108.002,0.804,56
Yes No Maybe,Suzy,spotify:track:5agNBfJwMMQKZqpexZJNd8,1,1,0.241,0.633,0.781,0.124,-4.052,164.817,0.5,20
Zombie High,그레이스(Grace),spotify:track:4t5Pr3jI2MNWFZ37piZVAh,11,1,0.0398,0.764,0.844,0.141,-5.079,97.599,0.4,0
Day Star,Cando,spotify:track:4y56WDNPXkDKXwY0ctHlOv,7,1,0.229,0.75,0.587,0.167,-6.265,125.038,0.407,0
Penthouse (Prod. APRO),pH-1,spotify:track:6emzoqPK7R90w6R92u3XfJ,5,0,0.559,0.744,0.782,0.144,-5.814,138.01,0.911,30
Francesca,Hash Swan,spotify:track:2rswsdvGNEZm4jwTqlWSnP,7,1,0.341,0.888,0.798,0.0401,-3.673,114.975,0.881,32
Wang Like Alexander,Hash Swan,spotify:track:3Ui2EsRcLvWgB9pgzddlNV,9,0,0.118,0.466,0.843,0.341,-3.574,172.92,0.934,30
Potion,Eric Nam,spotify:track:02sD9kxKrCboVcOKzx3VyZ,11,0,0.137,0.726,0.711,0.285,-3.456,102.957,0.676,41
Honestly,Eric Nam,spotify:track:7uW2sLxLjNgQJHa71LGVGr,0,0,0.0706,0.75,0.799,0.377,-2.788,110.991,0.462,53
Person Like A Person,NO:EL,spotify:track:5rJSYC9DnpEGjfIwWb0tDA,10,1,0.201,0.789,0.732,0.046,-5.03,148.029,0.931,20
Leave,Hoon TK,spotify:track:3c08W8KCwK48WaESOps0mL,5,0,0.352,0.593,0.589,0.116,-7.633,139.89,0.45,5
The open boat,Primary,spotify:track:5dzqwQujn1OTikVIoHtGVu,2,1,0.0308,0.464,0.768,0.113,-4.653,167.94,0.212,32
달리,Hyolyn,spotify:track:21jActlsyXzkKDkN3LK6G7,11,0,0.293,0.666,0.82,0.249,-2.886,143.741,0.883,27
You Back Then (feat. Jayeong Seo),Siyoon,spotify:track:7tvXqQPYwPxBnrjeQSjPe5,5,0,0.158,0.769,0.495,0.239,-4.422,121.15,0.789,22
Come Over,DEAN,spotify:track:1ieDhJfetL1wUFTC0YIriP,6,0,0.0893,0.499,0.633,0.64,-7.854,168.001,0.294,0
Stay Here,Gaho,spotify:track:20mZ4O5ztRZltdvLEJbi4z,1,1,0.639,0.411,0.338,0.207,-7.538,135.931,0.328,59
O.M.G.,HALO,spotify:track:0aG1btZgYZpi6WnhiK8O5V,6,0,0.0427,0.732,0.8,0.111,-3.209,118.054,0.901,34
Voice 묵소리,Taylor,spotify:track:3jTjVvoGqEC0NK5aN2nnra,11,1,0.961,0.653,0.231,0.102,-6.622,129.519,0.367,1
Intro: Singularity,BTS,spotify:track:6ePyl2ns4b7MVYhjsj32ZK,1,0,0.554,0.775,0.271,0.112,-9.131,104.001,0.204,67
Jasmine,DPR LIVE,spotify:track:2IgbYlOlFpiSFYnsqB39lM,8,1,0.331,0.597,0.486,0.14,-5.893,137.68,0.397,65
DDU-DU DDU-DU,BLACKPINK,spotify:track:7b8YOVV5quZcSKEijDgyWB,4,0,0.0313,0.671,0.859,0.267,-3.922,139.931,0.39,35
Boong-Boong,HAON,spotify:track:4dC5kCBQEMgRjEvlavlsZy,0,0,0.426,0.824,0.694,0.084,-4.527,136.027,0.927,44
ALARM,BOiTELLO,spotify:track:0UZzGR19n2pdlDHnD0LrVN,0,1,0.161,0.72,0.873,0.106,-4.169,123.066,0.419,19
POOL,WOODZ,spotify:track:3fCZKucLEtLkTLtRUZrfkG,5,1,0.449,0.724,0.453,0.0834,-8.588,119.937,0.637,57
SHE BAD,MYTEEN,spotify:track:7k1YG4KliiXCVawNyvwT7X,7,0,0.114,0.698,0.908,0.088,-4.298,108.019,0.564,9
Get It,PRISTIN V,spotify:track:6sOBI67H8F3S1cNS6CM5p7,7,1,0.212,0.463,0.883,0.213,-3.245,99.021,0.439,57
Remind you,dob,spotify:track:0doK7eEePPV5YktUesjhTB,3,1,0.635,0.672,0.676,0.131,-7.421,129.941,0.825,0
Penalty,Louie,spotify:track:7hiJSx8TcGYFZLtl4Ch7Yj,6,0,0.401,0.809,0.597,0.272,-6.377,115.965,0.453,24
Way Back Home,SHAUN,spotify:track:3NxuezMdSLgt4OwHzBoUhL,10,1,0.405,0.745,0.739,0.127,-4.591,99.913,0.556,73
Go Deep,BRLLNT,spotify:track:6bpqGCGS4ju4Jf9LMZAnU2,1,0,0.121,0.907,0.465,0.113,-6.729,130.11,0.585,22
RUN,Lee Jin Ah,spotify:track:6qBwmCd2cLd4O7uIGfvak1,4,0,0.187,0.764,0.685,0.0739,-6.71,136.95,0.613,0
Take Me Higher,A.C.E,spotify:track:2co7H0J0xQhbcHcXUk9dCn,0,1,0.0355,0.607,0.875,0.262,-3.71,119.969,0.608,46
I'll Find You (feat. June),Jung Jin Woo,spotify:track:59xYro2oalqGgVkGPjsPvL,3,0,0.387,0.369,0.453,0.121,-8.442,84.079,0.235,0
DIFFERENT,WOODZ,spotify:track:5Y7a8iWIawp1QTbevGeH1V,4,1,0.0223,0.628,0.811,0.0797,-4.26,124.066,0.442,61
Choppy,Sik-K,spotify:track:3MIO3zZPBkEUZ9nx7Ja2WD,1,0,0.149,0.698,0.67,0.107,-5.31,76.011,0.373,17
My Pace,Stray Kids,spotify:track:4giQE1WslvC0WH412UVLYB,11,0,0.0577,0.682,0.83,0.0926,-4.234,155.122,0.784,12
KILLING ME,iKON,spotify:track:27kB4qLUCV8nZd2eOgj1Tk,9,0,0.465,0.76,0.672,0.205,-5.277,127.986,0.505,23
I’m Good,BUMZU,spotify:track:1XU8ZM2uaEzVh3nZHmZfGl,7,1,0.179,0.697,0.697,0.618,-5.208,102.079,0.693,19
Cereal,Crush,spotify:track:4G5SXAQyz9D75KmKTLbI0X,9,0,0.552,0.883,0.567,0.108,-6.092,115.051,0.561,50
Your Night,Sik-K,spotify:track:1IYAhU8ZdnM9vXHMBW2gF4,6,0,0.41,0.713,0.666,0.132,-6.623,105.014,0.583,30
My Paradise,GroovyRoom,spotify:track:5lJSo1AQe6lbo75ggTmoXQ,10,0,0.0801,0.683,0.709,0.0977,-3.674,183.981,0.288,28
XIBAL,Sik-K,spotify:track:5YUkZNOcWRGtH1f9vBqbEi,7,1,0.264,0.779,0.567,0.241,-7.269,103.022,0.826,32
V,Jay Park,spotify:track:68vMDFui7uTbw9OQcyB0gD,10,1,0.419,0.83,0.569,0.156,-7.737,129.968,0.858,0
Tempo,EXO,spotify:track:4EjUFjzi4ErWjklOA3Aslu,0,1,0.237,0.686,0.842,0.0683,-4.423,115.944,0.519,64
COCO BOTTLE,PENOMECO,spotify:track:3hHpCjJdBBw4KjizY8l72r,11,0,0.1,0.826,0.714,0.256,-5.92,120.019,0.858,50
NOAH,HAON,spotify:track:1snopndi7k1Y0c4KpWtjJa,9,0,0.26,0.757,0.947,0.096,-3.888,116.023,0.684,45
One of Those Nights,KEY,spotify:track:2OsH4MtKPVeI8w9sFBLEvZ,5,0,0.0689,0.732,0.589,0.0489,-6.223,127.968,0.619,56
나의 땅,BewhY,spotify:track:7kwJEVOerY8SjahSmnm7oW,7,0,0.516,0.699,0.879,0.232,-2.942,117.896,0.614,0
ADDICT,Sik-K,spotify:track:0Kg3DAGOuzZ8pMMykBVz3t,5,1,0.128,0.573,0.901,0.101,-4.193,160.106,0.772,28
FIRE,Sik-K,spotify:track:5ewJXFVfUlsMOxALWWyEGK,11,0,0.103,0.537,0.813,0.111,-3.989,82.967,0.321,32
Tequila (feat. Hoody),GSoul,spotify:track:1SA2NK1wlPKMhyrA9dF2TI,3,0,0.431,0.722,0.558,0.1,-7.723,100.056,0.913,50
ENGINE,Jay Park,spotify:track:7m0AVCxRcpR8Q5j1tUICVT,0,1,0.52,0.835,0.726,0.156,-4.335,110.019,0.568,39
MIROH,Stray Kids,spotify:track:4WuKHgxdCJsaOBIh7yndty,9,1,0.00911,0.563,0.979,0.249,-3.104,126.063,0.503,71
Bon Bon Chocolat,EVERGLOW,spotify:track:06Pvy98db25O7wlfFFFIRM,6,1,0.0343,0.719,0.828,0.0747,-5.559,139.927,0.634,64
OVERZONE,SAAY,spotify:track:52apyWv5B0JKYZWGC7yuMe,10,0,0.259,0.775,0.643,0.104,-4.591,118.961,0.716,28
Valkyrie,ONEUS,spotify:track:0oNFVyzwK6TFdFHSsD1dmC,9,0,0.0254,0.731,0.817,0.147,-3.906,127.952,0.657,56
MILLION,Moon Sujin,spotify:track:6waZJ1ItGdhaKjWEKZb9PL,5,0,0.415,0.665,0.615,0.0811,-4.692,137.834,0.661,0
We Go Up,NCT DREAM,spotify:track:26vOBLHS116a4WNUVlvAUW,8,1,0.0138,0.893,0.77,0.225,-4.692,122.067,0.349,65
Super Asia,TPA,spotify:track:57MImcITVN1eeIG9JS8dXZ,9,1,0.0953,0.739,0.747,0.0606,-6.237,148.046,0.683,0
9 and Three Quarters (Run Away),TOMORROW X TOGETHER,spotify:track:2MsNSKQNQNRklkKFxxvIav,1,1,0.0055,0.639,0.756,0.13,-4.42,128.937,0.532,61
Jopping,SuperM,spotify:track:5WrEilrRI5cIW0DxMvQYPZ,10,0,0.0139,0.74,0.835,0.857,-3.425,123.024,0.535,68
2 Fast,SuperM,spotify:track:5U3DWGGD8mFYcDhoMxpQPD,5,0,0.227,0.468,0.737,0.104,-4.808,130.04,0.496,52
Runaway,Eric Nam,spotify:track:7JPzFzJLrzmINVguyqtMay,8,1,0.287,0.731,0.775,0.102,-4.079,119.972,0.616,57
TMI,GRAY,spotify:track:0cMrtRgJ2pU8pwX05iZnT3,8,1,0.544,0.658,0.734,0.168,-6.59,150.057,0.662,41
Right away,Coogie,spotify:track:44LDhDUtwlmLRRGJz0ymeE,11,1,0.394,0.624,0.824,0.151,-3.896,120.077,0.545,0
119 REMIX,Jay Park,spotify:track:6Y0VCyjVZ7waMVgDMJffu4,2,1,0.0544,0.624,0.848,0.33,-1.564,160.041,0.735,46
Wet The Bed,Sik-K,spotify:track:0SdSuUUoVuQWA40yldhDht,10,1,0.421,0.662,0.717,0.103,-5.446,88.753,0.581,44
Transcend,BewhY,spotify:track:7tG3irYkVZ1nkSCFXA6vQN,8,0,0.231,0.737,0.685,0.135,-6.036,124.948,0.343,45
Wifey,Coogie,spotify:track:3fnPF7Qo3PLAtF8iFtFSrz,5,0,0.149,0.674,0.829,0.074,-4.805,75.944,0.851,0
Psycho,Red Velvet,spotify:track:3CYH422oy1cZNoo0GTG1TK,8,1,0.193,0.664,0.666,0.0854,-2.203,139.987,0.405,80
Too Much,GIST,spotify:track:2CkSfcsCPkLKWsjrUYo8yO,6,0,0.298,0.543,0.717,0.116,-5.648,204.365,0.549,13
You Can Try 해도 돼,J.BASS,spotify:track:7ESCdMmtuLbLWNEzcvNlf7,4,0,0.151,0.745,0.622,0.0931,-4.134,76.001,0.798,6
HIP,MAMAMOO,spotify:track:24nK8tW7Pt3Inh2utttuoG,3,0,0.0376,0.782,0.731,0.0956,-4.581,138.032,0.824,75
RISKY - Sik-K Remix,Avin,spotify:track:0tU16PbC314birHXD1BtDH,1,1,0.025,0.777,0.743,0.0884,-4.519,112.034,0.802,26
Freedumb,sokodomo,spotify:track:2ks0gsdErGljb4h2DrrRvl,2,0,0.422,0.648,0.911,0.376,-3.207,150.081,0.734,32
Without You,Golden Child,spotify:track:6P79WvoWD60NKDHxKNxfxn,5,0,0.417,0.714,0.731,0.231,-5.555,121.025,0.557,49
Stop it,GREE,spotify:track:06NXi5YfDtw4qG8FxIWtyc,4,1,0.0904,0.734,0.613,0.318,-4.559,94.007,0.501,21
TIME LAPSE,Young Kay,spotify:track:0rwuaXuIeLzU0xB7WVN1uZ,2,0,0.222,0.68,0.673,0.032,-3.852,152.101,0.687,14
METEOR,CHANGMO,spotify:track:06eq0M1eZRcIIRfx6d00nu,8,1,0.316,0.728,0.642,0.0834,-4.989,185.797,0.755,51
GWANGAN BRIDGE,Kiggen,spotify:track:7qeapEJAF0d7wyYNWeVRK2,0,1,0.776,0.641,0.781,0.13,-6.592,85.039,0.761,36
The Time I Need,KIM JAE HWAN,spotify:track:3qDjicRR4yETx2ub0VwQqs,2,1,0.792,0.865,0.487,0.0833,-6.216,104.974,0.525,30
Respect (Prod by BOYTOY),Young Kay,spotify:track:6EqkF0V6nS3nPrq0VlwafD,5,0,0.254,0.551,0.875,0.136,-2.499,93.759,0.643,8
Make This,1TEAM,spotify:track:7rfPz69SUtFEtlftQu6NsL,5,0,0.183,0.731,0.685,0.134,-6.21,100.049,0.442,46
GOTTASADAE,BewhY,spotify:track:5nJvKQsFRmCp2i7EiKjZDg,10,0,0.143,0.806,0.678,0.331,-3.841,131.994,0.433,58
We don’t talk together,HEIZE,spotify:track:77dcmf2tTedc3BuOPF13Ma,11,0,0.039,0.64,0.734,0.333,-4.67,97.862,0.308,61
HELLP,Ryno,spotify:track:32MEaVAxTDZT7AOiI83Rfh,7,1,0.517,0.802,0.652,0.085,-4.254,75.026,0.77,30
My Bad (feat. SHAUN),Advanced,spotify:track:7dQFzMYhTXTtIYyoiiHdr8,5,1,0.0208,0.618,0.861,0.128,-6.041,102.014,0.653,38
love me,nafla,spotify:track:69He25DiE6qIsBmgPGF01h,3,0,0.543,0.818,0.479,0.111,-4.977,92.135,0.448,35
Sugar,J.cob,spotify:track:66pk208YAMx4UYcAwPzXQd,5,1,0.35,0.668,0.54,0.168,-4.607,75.077,0.517,35
Broccoli (feat. Youjjang),Trippy Kev,spotify:track:57SXYrAdBfgSuUKzyUyx8g,5,1,0.775,0.688,0.626,0.107,-4.832,99.002,0.104,16
Teenage in Closet,Hash Swan,spotify:track:28JhhUEMHelOkvdSmp1PPS,9,1,0.0809,0.702,0.769,0.103,-6.089,99.997,0.544,36
Lovesick Girls,BLACKPINK,spotify:track:4Ws314Ylb27BVsvlZOy30C,6,1,0.00559,0.654,0.707,0.0873,-5.661,127.97,0.448,79
Future,Red Velvet,spotify:track:2gvlPqqngL3BppFCwLXnVc,7,1,0.438,0.717,0.868,0.148,-3.073,100.005,0.552,71
MENNAL,Vince,spotify:track:054E40O0Jka0PSp4EbkQ1J,6,0,0.0678,0.924,0.736,0.267,-6.172,120.031,0.842,2
Candy,BAEKHYUN,spotify:track:6kKC35sKUh2FUx4M0qAL44,11,0,0.24,0.649,0.767,0.0929,-3.838,149.918,0.608,71
Bambi,BAEKHYUN,spotify:track:60VaORSJ5x1D4ZPSc0g2En,7,0,0.434,0.438,0.632,0.214,-4.447,61.45,0.386,76
